Employee_ID,Name,Age,Department,Salary,Experience
1,Hamnet,14,Support,78624,2009
2,Hester,29,Business Development,82425,1997
3,Mab,42,Engineering,17220,1995
4,Thedric,55,Human Resources,15749,1995
5,Meredith,16,Human Resources,38795,2005
6,Chrisy,40,Business Development,39451,1997
7,Rahel,10,Support,87582,2001
8,Gertrud,65,Marketing,51668,1963
9,Carena,33,Engineering,41961,2002
10,Enos,56,Human Resources,56081,2012
11,Ryan,62,Support,92219,1994
12,Shellie,21,Accounting,37773,2005
13,Miof mela,61,Services,71426,2007
14,Archie,44,Training,48288,1996
15,Hurleigh,57,Accounting,84925,2006
16,Bondy,4,Human Resources,72329,2008
17,Jule,57,Research and Development,54223,1992
18,Rori,22,Product Management,51454,2007
19,Arlin,37,Accounting,81336,1967
20,Silvano,31,Engineering,97001,1998
21,Kaspar,44,Business Development,56391,2003
22,Danette,30,Business Development,82711,2007
23,Owen,49,Business Development,95898,2012
24,Mildred,32,Marketing,72673,2007
25,Felizio,35,Research and Development,43052,1986
26,Craggie,59,Human Resources,44488,1985
27,Brittani,30,Engineering,79375,2007
28,Reynard,35,Services,58252,2005
29,Katusha,10,Human Resources,29999,2005
30,Horatius,10,Support,49677,1992
31,Rosette,4,Accounting,88090,2007
32,Marshall,25,Sales,16145,2008
33,Cherlyn,40,Engineering,75961,2005
34,Rock,5,Product Management,16016,2007
35,Allsun,19,Services,26909,1994
36,Ailis,49,Accounting,20939,1999
37,Alyse,4,Training,35718,2008
38,Van,28,Support,15913,1965
39,Elden,10,Human Resources,67186,1997
40,Lucina,62,Human Resources,73762,2000
41,Ravi,2,Sales,28844,1995
42,Evonne,64,Research and Development,34898,2009
43,Veradis,5,Human Resources,51012,2011
44,Jolene,34,Engineering,55019,2006
45,El,19,Business Development,91934,2000
46,Ilise,61,Engineering,21886,2010
47,Peyton,38,Support,40274,1998
48,Wendel,28,Training,90554,2010
49,Sammy,6,Legal,97693,2004
50,Papageno,46,Training,61841,2001
51,Bourke,4,Engineering,47126,1999
52,Alvan,67,Product Management,51124,1998
53,Yevette,61,Marketing,16352,2012
54,Ranna,34,Marketing,98534,2001
55,Northrup,13,Human Resources,21920,2004
56,Bartholomew,49,Services,27047,1994
57,Koenraad,8,Marketing,23320,1999
58,Artur,60,Marketing,91585,2009
59,Irwin,31,Marketing,53105,2001
60,Harwilll,61,Research and Development,47235,1999
61,Elia,63,Training,62475,2001
62,Nestor,43,Accounting,58575,1992
63,Enrichetta,5,Accounting,52540,2013
64,Faustine,2,Sales,73550,1993
65,Adda,35,Services,22150,2001
66,Rayner,31,Services,65211,1995
67,Charmian,60,Business Development,52969,2001
68,Wallas,46,Marketing,30816,2003
69,Maxie,15,Business Development,24784,2004
70,Addie,64,Accounting,78035,1999
71,Mariya,13,Sales,24220,2000
72,Sallie,64,Business Development,57021,2006
73,Davy,46,Human Resources,69299,2009
74,Ebony,36,Sales,75291,1994
75,Salvador,12,Marketing,26872,1999
76,Sabrina,15,Research and Development,86190,2008
77,Corbin,54,Research and Development,46022,2009
78,Reube,60,Training,74618,1968
79,Brandy,42,Sales,75037,2001
80,Molli,23,Support,17454,1990
81,Drona,36,Services,27079,1988
82,Dione,65,Services,24067,1993
83,Pablo,55,Research and Development,51699,2012
84,Mendy,43,Training,69572,2005
85,Georgia,19,Engineering,33246,1997
86,Netti,6,Product Management,65706,1995
87,Agathe,37,Human Resources,88909,1989
88,Giacomo,45,Product Management,39468,2005
89,Danika,34,Accounting,74105,1996
90,Duff,58,Engineering,66324,2004
91,Lelia,10,Human Resources,66485,2001
92,Leon,2,Legal,34204,1989
93,Tiena,60,Marketing,66852,1993
94,Danell,41,Support,64633,2008
95,Rosaline,50,Human Resources,70964,2008
96,Moshe,25,Human Resources,81014,2003
97,Ulla,39,Product Management,74638,2009
98,Natal,14,Marketing,93617,1994
99,Cordy,31,Accounting,80148,1996
100,Joseph,57,Research and Development,87933,2007
